username,profile_link
LordTorquemada,https://theworldwatch.com/members/1318226/
Hackintosh,https://theworldwatch.com/members/1319936/
BlackRoseBean,https://theworldwatch.com/members/1320473/
Hackintosh,https://theworldwatch.com/members/1319936/
LordTorquemada,https://theworldwatch.com/members/1318226/
Inaminute,https://theworldwatch.com/members/1322078/
LordTorquemada,https://theworldwatch.com/members/1318226/
Alivin335,https://theworldwatch.com/members/1324670/
Naap51stang,https://theworldwatch.com/members/1323703/
Salinan,https://theworldwatch.com/members/1320115/
wmr2,https://theworldwatch.com/members/1319316/
RJTheHorrorFan,https://theworldwatch.com/members/1324664/
BlackRoseBean,https://theworldwatch.com/members/1320473/
Hackintosh,https://theworldwatch.com/members/1319936/
MaxiePaddy,https://theworldwatch.com/members/871125/
HateYew,https://theworldwatch.com/members/1322688/
Alivin335,https://theworldwatch.com/members/1324670/
Naap51stang,https://theworldwatch.com/members/1323703/
RJTheHorrorFan,https://theworldwatch.com/members/1324664/
SouthParkBadGuy,https://theworldwatch.com/members/1324500/
Hackintosh,https://theworldwatch.com/members/1319936/
MaxiePaddy,https://theworldwatch.com/members/871125/
Alivin335,https://theworldwatch.com/members/1324670/
Naap51stang,https://theworldwatch.com/members/1323703/
HateYew,https://theworldwatch.com/members/1322688/
WonkasWilly,https://theworldwatch.com/members/1323250/
KillerManJaro,https://theworldwatch.com/members/1324629/
Superb Nipple Man,https://theworldwatch.com/members/1324276/
SouthParkBadGuy,https://theworldwatch.com/members/1324500/
WonkasWilly,https://theworldwatch.com/members/1323250/
Hackintosh,https://theworldwatch.com/members/1319936/
lordzedd,https://theworldwatch.com/members/1320260/
SouthParkBadGuy,https://theworldwatch.com/members/1324500/
Superb Nipple Man,https://theworldwatch.com/members/1324276/
WonkasWilly,https://theworldwatch.com/members/1323250/
nleeklee,https://theworldwatch.com/members/1318980/
KillerManJaro,https://theworldwatch.com/members/1324629/
Jasondr91,https://theworldwatch.com/members/623283/
Hackintosh,https://theworldwatch.com/members/1319936/
The_Carcass_Kid,https://theworldwatch.com/members/1323232/
MaxiePaddy,https://theworldwatch.com/members/871125/
nleeklee,https://theworldwatch.com/members/1318980/
WonkasWilly,https://theworldwatch.com/members/1323250/
SouthParkBadGuy,https://theworldwatch.com/members/1324500/
MaxiePaddy,https://theworldwatch.com/members/871125/
WonkasWilly,https://theworldwatch.com/members/1323250/
Alivin335,https://theworldwatch.com/members/1324670/
nleeklee,https://theworldwatch.com/members/1318980/
Naap51stang,https://theworldwatch.com/members/1323703/
Northantsno1,https://theworldwatch.com/members/1323403/
Salinan,https://theworldwatch.com/members/1320115/
nleeklee,https://theworldwatch.com/members/1318980/
RJTheHorrorFan,https://theworldwatch.com/members/1324664/
SouthParkBadGuy,https://theworldwatch.com/members/1324500/
Hackintosh,https://theworldwatch.com/members/1319936/
Mark_R,https://theworldwatch.com/members/1324164/
Hackintosh,https://theworldwatch.com/members/1319936/
WonkasWilly,https://theworldwatch.com/members/1323250/
EatMyShortsYo,https://theworldwatch.com/members/1322632/
WonkasWilly,https://theworldwatch.com/members/1323250/
Thesprocketer,https://theworldwatch.com/members/1324328/
Nanker_Phelge,https://theworldwatch.com/members/1321011/
nleeklee,https://theworldwatch.com/members/1318980/
Tom Anderson,https://theworldwatch.com/members/130720/
MaxiePaddy,https://theworldwatch.com/members/871125/
WonkasWilly,https://theworldwatch.com/members/1323250/
nleeklee,https://theworldwatch.com/members/1318980/
SouthParkBadGuy,https://theworldwatch.com/members/1324500/
EatMyShortsYo,https://theworldwatch.com/members/1322632/
Hackintosh,https://theworldwatch.com/members/1319936/
essence25,https://theworldwatch.com/members/909290/
Alivin335,https://theworldwatch.com/members/1324670/
Salinan,https://theworldwatch.com/members/1320115/
KillerManJaro,https://theworldwatch.com/members/1324629/
WonkasWilly,https://theworldwatch.com/members/1323250/
Mark_R,https://theworldwatch.com/members/1324164/
LordTorquemada,https://theworldwatch.com/members/1318226/
LordTorquemada,https://theworldwatch.com/members/1318226/
SouthParkBadGuy,https://theworldwatch.com/members/1324500/
SouthParkBadGuy,https://theworldwatch.com/members/1324500/
EatMyShortsYo,https://theworldwatch.com/members/1322632/
Hackintosh,https://theworldwatch.com/members/1319936/
nleeklee,https://theworldwatch.com/members/1318980/
essence25,https://theworldwatch.com/members/909290/
Hackintosh,https://theworldwatch.com/members/1319936/
LordTorquemada,https://theworldwatch.com/members/1318226/
WonkasWilly,https://theworldwatch.com/members/1323250/
MaxiePaddy,https://theworldwatch.com/members/871125/
Northantsno1,https://theworldwatch.com/members/1323403/
LordTorquemada,https://theworldwatch.com/members/1318226/
Numiah,https://theworldwatch.com/members/4655/
LordTorquemada,https://theworldwatch.com/members/1318226/
WonkasWilly,https://theworldwatch.com/members/1323250/
SouthParkBadGuy,https://theworldwatch.com/members/1324500/
LordTorquemada,https://theworldwatch.com/members/1318226/
Superb Nipple Man,https://theworldwatch.com/members/1324276/
LordTorquemada,https://theworldwatch.com/members/1318226/
pokahounted,https://theworldwatch.com/members/1323713/
LordTorquemada,https://theworldwatch.com/members/1318226/
pokahounted,https://theworldwatch.com/members/1323713/
KillerManJaro,https://theworldwatch.com/members/1324629/
LordTorquemada,https://theworldwatch.com/members/1318226/
LordTorquemada,https://theworldwatch.com/members/1318226/
Jasondr91,https://theworldwatch.com/members/623283/
WonkasWilly,https://theworldwatch.com/members/1323250/
BlackRoseBean,https://theworldwatch.com/members/1320473/
Mark_R,https://theworldwatch.com/members/1324164/
LordTorquemada,https://theworldwatch.com/members/1318226/
Alivin335,https://theworldwatch.com/members/1324670/
Hackintosh,https://theworldwatch.com/members/1319936/
Northantsno1,https://theworldwatch.com/members/1323403/
Salinan,https://theworldwatch.com/members/1320115/
Northantsno1,https://theworldwatch.com/members/1323403/
biggles80,https://theworldwatch.com/members/639429/
graphicism,https://theworldwatch.com/members/1320253/
EatMyShortsYo,https://theworldwatch.com/members/1322632/
PatrioticAmerican,https://theworldwatch.com/members/1324562/
EatMyShortsYo,https://theworldwatch.com/members/1322632/
biggles80,https://theworldwatch.com/members/639429/
Hackintosh,https://theworldwatch.com/members/1319936/
SouthParkBadGuy,https://theworldwatch.com/members/1324500/
SouthParkBadGuy,https://theworldwatch.com/members/1324500/
MaxiePaddy,https://theworldwatch.com/members/871125/
Frerty,https://theworldwatch.com/members/1321479/
EatMyShortsYo,https://theworldwatch.com/members/1322632/
Dan,https://theworldwatch.com/members/2/
KillerManJaro,https://theworldwatch.com/members/1324629/
Alivin335,https://theworldwatch.com/members/1324670/
Hackintosh,https://theworldwatch.com/members/1319936/
Hackintosh,https://theworldwatch.com/members/1319936/
jfk66,https://theworldwatch.com/members/1321417/
Hackintosh,https://theworldwatch.com/members/1319936/
munwon,https://theworldwatch.com/members/1321222/
WonkasWilly,https://theworldwatch.com/members/1323250/
OwMyBawls,https://theworldwatch.com/members/1322964/
LordTorquemada,https://theworldwatch.com/members/1318226/
Jasondr91,https://theworldwatch.com/members/623283/
Mark_R,https://theworldwatch.com/members/1324164/
SouthParkBadGuy,https://theworldwatch.com/members/1324500/
Jasondr91,https://theworldwatch.com/members/623283/
Kunter-X,https://theworldwatch.com/members/1324168/
WonkasWilly,https://theworldwatch.com/members/1323250/
LordTorquemada,https://theworldwatch.com/members/1318226/
KillerManJaro,https://theworldwatch.com/members/1324629/
Nutmeg50,https://theworldwatch.com/members/151757/
Disknave,https://theworldwatch.com/members/1324535/
