username,video_title,profile_link,video_url
fnbs1, He is busy kissing a man and he don't even know it !!! He Finds Out though! ,https://theworldwatch.com/members/1323234/,https://theworldwatch.com/videos/1619622/they-are-busy-kissing-a-man-and-they-don-t-even-know-it/
LordTorquemada, He is busy kissing a man and he don't even know it !!! He Finds Out though! ,https://theworldwatch.com/members/1318226/,https://theworldwatch.com/videos/1619622/they-are-busy-kissing-a-man-and-they-don-t-even-know-it/
Elliot87, He is busy kissing a man and he don't even know it !!! He Finds Out though! ,https://theworldwatch.com/members/1322420/,https://theworldwatch.com/videos/1619622/they-are-busy-kissing-a-man-and-they-don-t-even-know-it/
Mark_ey, He is busy kissing a man and he don't even know it !!! He Finds Out though! ,https://theworldwatch.com/members/1321844/,https://theworldwatch.com/videos/1619622/they-are-busy-kissing-a-man-and-they-don-t-even-know-it/
Naap51stang, He is busy kissing a man and he don't even know it !!! He Finds Out though! ,https://theworldwatch.com/members/1323703/,https://theworldwatch.com/videos/1619622/they-are-busy-kissing-a-man-and-they-don-t-even-know-it/
Dan, He is busy kissing a man and he don't even know it !!! He Finds Out though! ,https://theworldwatch.com/members/2/,https://theworldwatch.com/videos/1619622/they-are-busy-kissing-a-man-and-they-don-t-even-know-it/
RumNbass89, Woman just Shopping... ,https://theworldwatch.com/members/1322157/,https://theworldwatch.com/videos/1619593/woman-just-shopping/
UseOnlyInWellVentilatedSpaces, Woman just Shopping... ,https://theworldwatch.com/members/1321435/,https://theworldwatch.com/videos/1619593/woman-just-shopping/
Superb Nipple Man, Woman just Shopping... ,https://theworldwatch.com/members/1324276/,https://theworldwatch.com/videos/1619593/woman-just-shopping/
LordTorquemada, Woman just Shopping... ,https://theworldwatch.com/members/1318226/,https://theworldwatch.com/videos/1619593/woman-just-shopping/
RumNbass89, What Did the Cameraman Do to this Girl? ,https://theworldwatch.com/members/1322157/,https://theworldwatch.com/videos/1619588/what-did-the-cameraman-do-to-this-girl/
BlackRoseBean, What Did the Cameraman Do to this Girl? ,https://theworldwatch.com/members/1320473/,https://theworldwatch.com/videos/1619588/what-did-the-cameraman-do-to-this-girl/
WonkasWilly, What Did the Cameraman Do to this Girl? ,https://theworldwatch.com/members/1323250/,https://theworldwatch.com/videos/1619588/what-did-the-cameraman-do-to-this-girl/
LordTorquemada, What Did the Cameraman Do to this Girl? ,https://theworldwatch.com/members/1318226/,https://theworldwatch.com/videos/1619588/what-did-the-cameraman-do-to-this-girl/
OwMyBawls, She can't Look...Man Breaks through Glass to Kill Himself in Russia ,https://theworldwatch.com/members/1322964/,https://theworldwatch.com/videos/1619603/she-can-t-look-man-jumps-through-glass-to-kill-himself-in-russia/
Mark_ey, She can't Look...Man Breaks through Glass to Kill Himself in Russia ,https://theworldwatch.com/members/1321844/,https://theworldwatch.com/videos/1619603/she-can-t-look-man-jumps-through-glass-to-kill-himself-in-russia/
RumNbass89, She can't Look...Man Breaks through Glass to Kill Himself in Russia ,https://theworldwatch.com/members/1322157/,https://theworldwatch.com/videos/1619603/she-can-t-look-man-jumps-through-glass-to-kill-himself-in-russia/
KillerManJaro, She can't Look...Man Breaks through Glass to Kill Himself in Russia ,https://theworldwatch.com/members/1324629/,https://theworldwatch.com/videos/1619603/she-can-t-look-man-jumps-through-glass-to-kill-himself-in-russia/
BigJimsWornOutTireSale, She can't Look...Man Breaks through Glass to Kill Himself in Russia ,https://theworldwatch.com/members/1323681/,https://theworldwatch.com/videos/1619603/she-can-t-look-man-jumps-through-glass-to-kill-himself-in-russia/
WonkasWilly, She can't Look...Man Breaks through Glass to Kill Himself in Russia ,https://theworldwatch.com/members/1323250/,https://theworldwatch.com/videos/1619603/she-can-t-look-man-jumps-through-glass-to-kill-himself-in-russia/
MaxiePaddy, She can't Look...Man Breaks through Glass to Kill Himself in Russia ,https://theworldwatch.com/members/871125/,https://theworldwatch.com/videos/1619603/she-can-t-look-man-jumps-through-glass-to-kill-himself-in-russia/
LordTorquemada, She can't Look...Man Breaks through Glass to Kill Himself in Russia ,https://theworldwatch.com/members/1318226/,https://theworldwatch.com/videos/1619603/she-can-t-look-man-jumps-through-glass-to-kill-himself-in-russia/
RumNbass89, 39 Year Old Woman caught in Between 2 Buses at Bus Stop in Russia (Aftermath Inclu... ,https://theworldwatch.com/members/1322157/,https://theworldwatch.com/videos/1619605/39-year-old-woman-caught-in-between-2-buses-at-bus-stop-in-russia-aftermath-included/
WonkasWilly, 39 Year Old Woman caught in Between 2 Buses at Bus Stop in Russia (Aftermath Inclu... ,https://theworldwatch.com/members/1323250/,https://theworldwatch.com/videos/1619605/39-year-old-woman-caught-in-between-2-buses-at-bus-stop-in-russia-aftermath-included/
KillerManJaro, Saying Goodbye to the Love of your Life.. ,https://theworldwatch.com/members/1324629/,https://theworldwatch.com/videos/1619617/saying-goodbye-to-the-love-of-your-life/
LordTorquemada, Saying Goodbye to the Love of your Life.. ,https://theworldwatch.com/members/1318226/,https://theworldwatch.com/videos/1619617/saying-goodbye-to-the-love-of-your-life/
Jasondr91, Saying Goodbye to the Love of your Life.. ,https://theworldwatch.com/members/623283/,https://theworldwatch.com/videos/1619617/saying-goodbye-to-the-love-of-your-life/
BigJimsWornOutTireSale, Saying Goodbye to the Love of your Life.. ,https://theworldwatch.com/members/1323681/,https://theworldwatch.com/videos/1619617/saying-goodbye-to-the-love-of-your-life/
pokahounted, Saying Goodbye to the Love of your Life.. ,https://theworldwatch.com/members/1323713/,https://theworldwatch.com/videos/1619617/saying-goodbye-to-the-love-of-your-life/
Superb Nipple Man, You could Never Predict How this Guy is About to Die..(Slow Motion Added) ,https://theworldwatch.com/members/1324276/,https://theworldwatch.com/videos/1619618/you-could-never-predict-how-this-guy-is-about-to-die-slow-motion-added/
LordTorquemada, You could Never Predict How this Guy is About to Die..(Slow Motion Added) ,https://theworldwatch.com/members/1318226/,https://theworldwatch.com/videos/1619618/you-could-never-predict-how-this-guy-is-about-to-die-slow-motion-added/
RumNbass89, You could Never Predict How this Guy is About to Die..(Slow Motion Added) ,https://theworldwatch.com/members/1322157/,https://theworldwatch.com/videos/1619618/you-could-never-predict-how-this-guy-is-about-to-die-slow-motion-added/
wmr2, lady in Uganda strips naked in the middle of the road for unclear reasons. ,https://theworldwatch.com/members/1319316/,https://theworldwatch.com/videos/1619621/lady-in-uganda-stripped-naked-in-the-middle-of-the-road-for-unclear-reasons/
LordTorquemada, lady in Uganda strips naked in the middle of the road for unclear reasons. ,https://theworldwatch.com/members/1318226/,https://theworldwatch.com/videos/1619621/lady-in-uganda-stripped-naked-in-the-middle-of-the-road-for-unclear-reasons/
KillerManJaro, lady in Uganda strips naked in the middle of the road for unclear reasons. ,https://theworldwatch.com/members/1324629/,https://theworldwatch.com/videos/1619621/lady-in-uganda-stripped-naked-in-the-middle-of-the-road-for-unclear-reasons/
WonkasWilly, lady in Uganda strips naked in the middle of the road for unclear reasons. ,https://theworldwatch.com/members/1323250/,https://theworldwatch.com/videos/1619621/lady-in-uganda-stripped-naked-in-the-middle-of-the-road-for-unclear-reasons/
Jasondr91," Footage shows when a White Kid was brutally knocked out in Milan, from an Illegal ",https://theworldwatch.com/members/623283/,https://theworldwatch.com/videos/1619607/footage-shows-when-a-white-kid-was-brutally-knocked-out-in-milan-from-an-illegal/
Naap51stang," Footage shows when a White Kid was brutally knocked out in Milan, from an Illegal ",https://theworldwatch.com/members/1323703/,https://theworldwatch.com/videos/1619607/footage-shows-when-a-white-kid-was-brutally-knocked-out-in-milan-from-an-illegal/
MrSisterFister," Footage shows when a White Kid was brutally knocked out in Milan, from an Illegal ",https://theworldwatch.com/members/1323366/,https://theworldwatch.com/videos/1619607/footage-shows-when-a-white-kid-was-brutally-knocked-out-in-milan-from-an-illegal/
RumNbass89," Footage shows when a White Kid was brutally knocked out in Milan, from an Illegal ",https://theworldwatch.com/members/1322157/,https://theworldwatch.com/videos/1619607/footage-shows-when-a-white-kid-was-brutally-knocked-out-in-milan-from-an-illegal/
Thesprocketer," Footage shows when a White Kid was brutally knocked out in Milan, from an Illegal ",https://theworldwatch.com/members/1324328/,https://theworldwatch.com/videos/1619607/footage-shows-when-a-white-kid-was-brutally-knocked-out-in-milan-from-an-illegal/
MaxiePaddy," Footage shows when a White Kid was brutally knocked out in Milan, from an Illegal ",https://theworldwatch.com/members/871125/,https://theworldwatch.com/videos/1619607/footage-shows-when-a-white-kid-was-brutally-knocked-out-in-milan-from-an-illegal/
pokahounted," Footage shows when a White Kid was brutally knocked out in Milan, from an Illegal ",https://theworldwatch.com/members/1323713/,https://theworldwatch.com/videos/1619607/footage-shows-when-a-white-kid-was-brutally-knocked-out-in-milan-from-an-illegal/
ScottNW63, Man in Cotton Mill gets His head Twisted and Neck Broken by Service Elevator ,https://theworldwatch.com/members/1324532/,https://theworldwatch.com/videos/1619613/man-in-cotton-mill-gets-his-head-twisted-and-neck-broken-by-service-elevator/
Mark_ey, Man in Cotton Mill gets His head Twisted and Neck Broken by Service Elevator ,https://theworldwatch.com/members/1321844/,https://theworldwatch.com/videos/1619613/man-in-cotton-mill-gets-his-head-twisted-and-neck-broken-by-service-elevator/
medfoto, Man in Cotton Mill gets His head Twisted and Neck Broken by Service Elevator ,https://theworldwatch.com/members/71043/,https://theworldwatch.com/videos/1619613/man-in-cotton-mill-gets-his-head-twisted-and-neck-broken-by-service-elevator/
Superb Nipple Man, Man in Cotton Mill gets His head Twisted and Neck Broken by Service Elevator ,https://theworldwatch.com/members/1324276/,https://theworldwatch.com/videos/1619613/man-in-cotton-mill-gets-his-head-twisted-and-neck-broken-by-service-elevator/
WonkasWilly," That's Kanye West, and his Wife. His Wife is Pretty ",https://theworldwatch.com/members/1323250/,https://theworldwatch.com/videos/1619606/that-s-kanye-west-and-his-wife-his-wife-is-pretty/
BlackRoseBean," That's Kanye West, and his Wife. His Wife is Pretty ",https://theworldwatch.com/members/1320473/,https://theworldwatch.com/videos/1619606/that-s-kanye-west-and-his-wife-his-wife-is-pretty/
LordTorquemada," That's Kanye West, and his Wife. His Wife is Pretty ",https://theworldwatch.com/members/1318226/,https://theworldwatch.com/videos/1619606/that-s-kanye-west-and-his-wife-his-wife-is-pretty/
Stormysteve6," That's Kanye West, and his Wife. His Wife is Pretty ",https://theworldwatch.com/members/1319896/,https://theworldwatch.com/videos/1619606/that-s-kanye-west-and-his-wife-his-wife-is-pretty/
Mark_ey," That's Kanye West, and his Wife. His Wife is Pretty ",https://theworldwatch.com/members/1321844/,https://theworldwatch.com/videos/1619606/that-s-kanye-west-and-his-wife-his-wife-is-pretty/
Naap51stang," That's Kanye West, and his Wife. His Wife is Pretty ",https://theworldwatch.com/members/1323703/,https://theworldwatch.com/videos/1619606/that-s-kanye-west-and-his-wife-his-wife-is-pretty/
munwon," That's Kanye West, and his Wife. His Wife is Pretty ",https://theworldwatch.com/members/1321222/,https://theworldwatch.com/videos/1619606/that-s-kanye-west-and-his-wife-his-wife-is-pretty/
Amtifree," That's Kanye West, and his Wife. His Wife is Pretty ",https://theworldwatch.com/members/1321243/,https://theworldwatch.com/videos/1619606/that-s-kanye-west-and-his-wife-his-wife-is-pretty/
Superb Nipple Man," That's Kanye West, and his Wife. His Wife is Pretty ",https://theworldwatch.com/members/1324276/,https://theworldwatch.com/videos/1619606/that-s-kanye-west-and-his-wife-his-wife-is-pretty/
MaxiePaddy," That's Kanye West, and his Wife. His Wife is Pretty ",https://theworldwatch.com/members/871125/,https://theworldwatch.com/videos/1619606/that-s-kanye-west-and-his-wife-his-wife-is-pretty/
BlackRoseBean, Man runs Red Light taking out 2 Lives at Least ,https://theworldwatch.com/members/1320473/,https://theworldwatch.com/videos/1619587/man-runs-red-light-taking-out-2-lives-at-least/
WonkasWilly, Man runs Red Light taking out 2 Lives at Least ,https://theworldwatch.com/members/1323250/,https://theworldwatch.com/videos/1619587/man-runs-red-light-taking-out-2-lives-at-least/
RumNbass89, Oblivious Woman walks down the Street with Big Hole ,https://theworldwatch.com/members/1322157/,https://theworldwatch.com/videos/1619594/oblivious-woman-walks-down-the-street-with-big-hole/
λ―Έν‚¤ν•€, Oblivious Woman walks down the Street with Big Hole ,https://theworldwatch.com/members/1322356/,https://theworldwatch.com/videos/1619594/oblivious-woman-walks-down-the-street-with-big-hole/
Superb Nipple Man, Oblivious Woman walks down the Street with Big Hole ,https://theworldwatch.com/members/1324276/,https://theworldwatch.com/videos/1619594/oblivious-woman-walks-down-the-street-with-big-hole/
LordTorquemada, Oblivious Woman walks down the Street with Big Hole ,https://theworldwatch.com/members/1318226/,https://theworldwatch.com/videos/1619594/oblivious-woman-walks-down-the-street-with-big-hole/
EatMyShortsYo, Oblivious Woman walks down the Street with Big Hole ,https://theworldwatch.com/members/1322632/,https://theworldwatch.com/videos/1619594/oblivious-woman-walks-down-the-street-with-big-hole/
Mark_ey, Motorcyclist is Ruined..Hit by Car then Thrown Down Ravine ,https://theworldwatch.com/members/1321844/,https://theworldwatch.com/videos/1619589/motorcyclist-is-ruined-hit-by-car-then-thrown-down-ravine/
Rippo, Motorcyclist is Ruined..Hit by Car then Thrown Down Ravine ,https://theworldwatch.com/members/1323252/,https://theworldwatch.com/videos/1619589/motorcyclist-is-ruined-hit-by-car-then-thrown-down-ravine/
Superb Nipple Man, Motorcyclist is Ruined..Hit by Car then Thrown Down Ravine ,https://theworldwatch.com/members/1324276/,https://theworldwatch.com/videos/1619589/motorcyclist-is-ruined-hit-by-car-then-thrown-down-ravine/
WonkasWilly, Motorcyclist is Ruined..Hit by Car then Thrown Down Ravine ,https://theworldwatch.com/members/1323250/,https://theworldwatch.com/videos/1619589/motorcyclist-is-ruined-hit-by-car-then-thrown-down-ravine/
Culzean, Motorcyclist is Ruined..Hit by Car then Thrown Down Ravine ,https://theworldwatch.com/members/1324682/,https://theworldwatch.com/videos/1619589/motorcyclist-is-ruined-hit-by-car-then-thrown-down-ravine/
Cripple, Motorcyclist is Ruined..Hit by Car then Thrown Down Ravine ,https://theworldwatch.com/members/1320263/,https://theworldwatch.com/videos/1619589/motorcyclist-is-ruined-hit-by-car-then-thrown-down-ravine/
Salinan, Motorcyclist is Ruined..Hit by Car then Thrown Down Ravine ,https://theworldwatch.com/members/1320115/,https://theworldwatch.com/videos/1619589/motorcyclist-is-ruined-hit-by-car-then-thrown-down-ravine/
PeterG82, Watch the Kid in Blue Shirt Waving to the Camera... ,https://theworldwatch.com/members/1324405/,https://theworldwatch.com/videos/1619590/watch-the-kid-in-blue-shirt-waving-to-the-camera/
RumNbass89, Watch the Kid in Blue Shirt Waving to the Camera... ,https://theworldwatch.com/members/1322157/,https://theworldwatch.com/videos/1619590/watch-the-kid-in-blue-shirt-waving-to-the-camera/
Superb Nipple Man, Watch the Kid in Blue Shirt Waving to the Camera... ,https://theworldwatch.com/members/1324276/,https://theworldwatch.com/videos/1619590/watch-the-kid-in-blue-shirt-waving-to-the-camera/
HateYew," Florida Inmate Bashes a Sleeping Inmate's Head, Killing Him. Brain Bleed (Inmate ... ",https://theworldwatch.com/members/1322688/,https://theworldwatch.com/videos/1619586/florida-inmate-bashes-a-sleeping-inmate-s-head-killing-him-inmate-was-a-pedo/
Naap51stang," Florida Inmate Bashes a Sleeping Inmate's Head, Killing Him. Brain Bleed (Inmate ... ",https://theworldwatch.com/members/1323703/,https://theworldwatch.com/videos/1619586/florida-inmate-bashes-a-sleeping-inmate-s-head-killing-him-inmate-was-a-pedo/
RumNbass89," Florida Inmate Bashes a Sleeping Inmate's Head, Killing Him. Brain Bleed (Inmate ... ",https://theworldwatch.com/members/1322157/,https://theworldwatch.com/videos/1619586/florida-inmate-bashes-a-sleeping-inmate-s-head-killing-him-inmate-was-a-pedo/
BlackRoseBean," Florida Inmate Bashes a Sleeping Inmate's Head, Killing Him. Brain Bleed (Inmate ... ",https://theworldwatch.com/members/1320473/,https://theworldwatch.com/videos/1619586/florida-inmate-bashes-a-sleeping-inmate-s-head-killing-him-inmate-was-a-pedo/
Numiah," Florida Inmate Bashes a Sleeping Inmate's Head, Killing Him. Brain Bleed (Inmate ... ",https://theworldwatch.com/members/4655/,https://theworldwatch.com/videos/1619586/florida-inmate-bashes-a-sleeping-inmate-s-head-killing-him-inmate-was-a-pedo/
WonkasWilly," Florida Inmate Bashes a Sleeping Inmate's Head, Killing Him. Brain Bleed (Inmate ... ",https://theworldwatch.com/members/1323250/,https://theworldwatch.com/videos/1619586/florida-inmate-bashes-a-sleeping-inmate-s-head-killing-him-inmate-was-a-pedo/
SquidwardBussy," Florida Inmate Bashes a Sleeping Inmate's Head, Killing Him. Brain Bleed (Inmate ... ",https://theworldwatch.com/members/1320274/,https://theworldwatch.com/videos/1619586/florida-inmate-bashes-a-sleeping-inmate-s-head-killing-him-inmate-was-a-pedo/
Mark_R," Florida Inmate Bashes a Sleeping Inmate's Head, Killing Him. Brain Bleed (Inmate ... ",https://theworldwatch.com/members/1324164/,https://theworldwatch.com/videos/1619586/florida-inmate-bashes-a-sleeping-inmate-s-head-killing-him-inmate-was-a-pedo/
Culzean," Florida Inmate Bashes a Sleeping Inmate's Head, Killing Him. Brain Bleed (Inmate ... ",https://theworldwatch.com/members/1324682/,https://theworldwatch.com/videos/1619586/florida-inmate-bashes-a-sleeping-inmate-s-head-killing-him-inmate-was-a-pedo/
catastrophe," Florida Inmate Bashes a Sleeping Inmate's Head, Killing Him. Brain Bleed (Inmate ... ",https://theworldwatch.com/members/1323699/,https://theworldwatch.com/videos/1619586/florida-inmate-bashes-a-sleeping-inmate-s-head-killing-him-inmate-was-a-pedo/
SouthParkBadGuy," Florida Inmate Bashes a Sleeping Inmate's Head, Killing Him. Brain Bleed (Inmate ... ",https://theworldwatch.com/members/1324500/,https://theworldwatch.com/videos/1619586/florida-inmate-bashes-a-sleeping-inmate-s-head-killing-him-inmate-was-a-pedo/
Phuc_Libtards, Man sets himself on Fire outside Jordan Gov't Building ,https://theworldwatch.com/members/1324446/,https://theworldwatch.com/videos/1619596/man-sets-himself-on-fire-outside-jordan-gov-t-building/
WonkasWilly, Man sets himself on Fire outside Jordan Gov't Building ,https://theworldwatch.com/members/1323250/,https://theworldwatch.com/videos/1619596/man-sets-himself-on-fire-outside-jordan-gov-t-building/
Superb Nipple Man, Live Japanese Anime ,https://theworldwatch.com/members/1324276/,https://theworldwatch.com/videos/1619616/live-japanese-anime/
Culzean, Live Japanese Anime ,https://theworldwatch.com/members/1324682/,https://theworldwatch.com/videos/1619616/live-japanese-anime/
BigJimsWornOutTireSale, Best Sexiest Asian Comic Outfit from 2024 Asian Comic Exhibition Wait for It! ,https://theworldwatch.com/members/1323681/,https://theworldwatch.com/videos/1619620/possibly-the-best-sexiest-asian-comic-outfit-beautiful/
HateYew, Former US Marine Jumps from the Fifth Floor of his Apartment to End his Life. San... ,https://theworldwatch.com/members/1322688/,https://theworldwatch.com/videos/1619597/former-us-marine-jumps-from-the-fifth-floor-of-his-apartment-to-end-his-life-santo-domingo-tuesday/
Naap51stang, Former US Marine Jumps from the Fifth Floor of his Apartment to End his Life. San... ,https://theworldwatch.com/members/1323703/,https://theworldwatch.com/videos/1619597/former-us-marine-jumps-from-the-fifth-floor-of-his-apartment-to-end-his-life-santo-domingo-tuesday/
Salinan, Former US Marine Jumps from the Fifth Floor of his Apartment to End his Life. San... ,https://theworldwatch.com/members/1320115/,https://theworldwatch.com/videos/1619597/former-us-marine-jumps-from-the-fifth-floor-of-his-apartment-to-end-his-life-santo-domingo-tuesday/
RumNbass89, Former US Marine Jumps from the Fifth Floor of his Apartment to End his Life. San... ,https://theworldwatch.com/members/1322157/,https://theworldwatch.com/videos/1619597/former-us-marine-jumps-from-the-fifth-floor-of-his-apartment-to-end-his-life-santo-domingo-tuesday/
HateYew, Lunch is Ready ,https://theworldwatch.com/members/1322688/,https://theworldwatch.com/videos/1619612/lunch-is-ready/
Salinan, Lunch is Ready ,https://theworldwatch.com/members/1320115/,https://theworldwatch.com/videos/1619612/lunch-is-ready/
SouthParkBadGuy, Lunch is Ready ,https://theworldwatch.com/members/1324500/,https://theworldwatch.com/videos/1619612/lunch-is-ready/
RumNbass89, Mexico: Man loses his Face after Terrible Motorcycle Accident (See Info) ,https://theworldwatch.com/members/1322157/,https://theworldwatch.com/videos/1619598/mexico-man-loses-his-face-after-terrible-motorcycle-accident-see-info/
MaxiePaddy, Mexico: Man loses his Face after Terrible Motorcycle Accident (See Info) ,https://theworldwatch.com/members/871125/,https://theworldwatch.com/videos/1619598/mexico-man-loses-his-face-after-terrible-motorcycle-accident-see-info/
RumNbass89, Man Arrested after Intentionally Running over Two Bicyclist ,https://theworldwatch.com/members/1322157/,https://theworldwatch.com/videos/1619585/man-arrested-after-intentionally-running-over-two-bicyclist/
WonkasWilly, Man Arrested after Intentionally Running over Two Bicyclist ,https://theworldwatch.com/members/1323250/,https://theworldwatch.com/videos/1619585/man-arrested-after-intentionally-running-over-two-bicyclist/
porksledge, Man Arrested after Intentionally Running over Two Bicyclist ,https://theworldwatch.com/members/1324029/,https://theworldwatch.com/videos/1619585/man-arrested-after-intentionally-running-over-two-bicyclist/
Mark_R, Man Arrested after Intentionally Running over Two Bicyclist ,https://theworldwatch.com/members/1324164/,https://theworldwatch.com/videos/1619585/man-arrested-after-intentionally-running-over-two-bicyclist/
Nanker_Phelge, Man Arrested after Intentionally Running over Two Bicyclist ,https://theworldwatch.com/members/1321011/,https://theworldwatch.com/videos/1619585/man-arrested-after-intentionally-running-over-two-bicyclist/
prince of trolls, Man Arrested after Intentionally Running over Two Bicyclist ,https://theworldwatch.com/members/1322284/,https://theworldwatch.com/videos/1619585/man-arrested-after-intentionally-running-over-two-bicyclist/
MaxiePaddy, Man Arrested after Intentionally Running over Two Bicyclist ,https://theworldwatch.com/members/871125/,https://theworldwatch.com/videos/1619585/man-arrested-after-intentionally-running-over-two-bicyclist/
SouthParkBadGuy, Man Arrested after Intentionally Running over Two Bicyclist ,https://theworldwatch.com/members/1324500/,https://theworldwatch.com/videos/1619585/man-arrested-after-intentionally-running-over-two-bicyclist/
